{"cameraMode":{"drawMode":0,"name":"Shaded","section":"Shading Mode"},"sceneLighting":false,"audioPlay":false,"sceneViewState":{"m_AlwaysRefresh":false,"showFog":true,"showSkybox":true,"showFlares":true,"showImageEffects":true,"showParticleSystems":true,"showVisualEffectGraphs":true,"m_FxEnabled":true},"in2DMode":false,"pivot":{"x":18.342012405395509,"y":-6.028932571411133,"z":-28.99950408935547},"rotation":{"x":0.010665757581591607,"y":0.9882727265357971,"z":-0.08202629536390305,"w":0.12850026786327363},"size":25.755779266357423,"orthographic":false}