{"cameraMode":{"drawMode":0,"name":"Shaded","section":"Shading Mode"},"sceneLighting":true,"audioPlay":false,"sceneViewState":{"m_AlwaysRefresh":false,"showFog":true,"showSkybox":true,"showFlares":true,"showImageEffects":true,"showParticleSystems":true,"showVisualEffectGraphs":true,"m_FxEnabled":true},"in2DMode":false,"pivot":{"x":2.4663991928100588,"y":2.4816300868988039,"z":-3.276045799255371},"rotation":{"x":-0.0045379591174423698,"y":0.7737358212471008,"z":0.005578326527029276,"w":0.6335490345954895},"size":3.9269838333129885,"orthographic":false}