{"cameraMode":{"drawMode":0,"name":"Shaded","section":"Shading Mode"},"sceneLighting":true,"audioPlay":false,"sceneViewState":{"m_AlwaysRefresh":false,"showFog":true,"showSkybox":true,"showFlares":true,"showImageEffects":true,"showParticleSystems":true,"showVisualEffectGraphs":true,"m_FxEnabled":true},"in2DMode":false,"pivot":{"x":22.86371612548828,"y":-4.297983169555664,"z":-21.676054000854493},"rotation":{"x":0.03279678151011467,"y":0.9255475401878357,"z":-0.08240966498851776,"w":0.36818552017211916},"size":18.355682373046876,"orthographic":false}